Tỉnh,Trạm,Xã/Phường,Lượng mưa (mm),Tình trạng,Ngày và giờ cập nhật,Thời gian crawl
Hà Nội,Vân Đình,xã Vân Đình,0.0,Không mưa,2025-12-28 19:00:00,28/12/2025 01:19:50
Hà Nội,Sóc Sơn,xã Sóc Sơn,0.0,Không mưa,2025-12-28 19:00:00,28/12/2025 01:19:50
Hà Nội,Trâu Quỳ,xã Gia Lâm,0.0,Không mưa,2025-12-28 19:00:00,28/12/2025 01:19:50
Hà Nội,Phúc Thọ,xã Phúc Lộc,0.0,Không mưa,2025-12-28 19:00:00,28/12/2025 01:19:50
Hà Nội,Hương Sơn,xã Hương Sơn,0.0,Không mưa,2025-12-28 19:00:00,28/12/2025 01:19:50
Hà Nội,Thường Tín,xã Thường Tín,0.0,Không mưa,2025-12-28 19:00:00,28/12/2025 01:19:50
Hà Nội,Đông Anh,xã Đông Anh,0.0,Không mưa,2025-12-28 19:00:00,28/12/2025 01:19:50
Hà Nội,Hoài Đức,xã Sơn Đồng,0.0,Không mưa,2025-12-28 19:00:00,28/12/2025 01:19:50
Hà Nội,Xuân Mai,xã Xuân Mai,0.0,Không mưa,2025-12-28 19:00:00,28/12/2025 01:19:50
Hà Nội,Thanh Trì,xã Thanh Trì,0.0,Không mưa,2025-12-28 19:00:00,28/12/2025 01:19:50
Hà Nội,Bất Bạt,xã Bất Bạt,0.0,Không mưa,2025-12-28 19:00:00,28/12/2025 01:19:50
Hà Nội,Kim Anh,xã Nội Bài,0.0,Không mưa,2025-12-28 19:00:00,28/12/2025 01:19:50
Hà Nội,Quốc Oai,xã Kiều Phú,0.0,Không mưa,2025-12-28 19:00:00,28/12/2025 01:19:50
Hà Nội,Quảng Oai,xã Quảng Oai,0.0,Không mưa,2025-12-28 19:00:00,28/12/2025 01:19:50
Hà Nội,Thạch Thất,xã Thạch Thất,0.0,Không mưa,2025-12-28 19:00:00,28/12/2025 01:19:50
Hà Nội,Chúc Sơn,phường Chương Mỹ,0.0,Không mưa,2025-12-28 19:00:00,28/12/2025 01:19:50
Hà Nội,Liên Mạc,phường Thượng Cát,0.0,Không mưa,2025-12-28 19:00:00,28/12/2025 01:19:50
Hà Nội,Phú Xuyên,xã Phượng Dực,0.0,Không mưa,2025-12-28 19:00:00,28/12/2025 01:19:50
Hà Nội,Cầu Rậm,xã Hồng Sơn,0.0,Không mưa,2025-12-28 19:00:00,28/12/2025 01:19:50
Hà Nội,Suối Hai,xã Bất Bạt,0.0,Không mưa,2025-12-28 19:00:00,28/12/2025 01:19:50
Hà Nội,Đập Đáy,xã Đan Phượng,0.0,Không mưa,2025-12-28 19:00:00,28/12/2025 01:19:50
Hà Nội,Miếu Môn,xã Trần Phú,0.0,Không mưa,2025-12-28 19:00:00,28/12/2025 01:19:50
Hà Nội,An Khánh,xã An Khánh,0.0,Không mưa,2025-12-28 19:00:00,28/12/2025 01:19:50
Hà Nội,Chợ Cháy,xã Ứng Hòa,0.0,Không mưa,2025-12-28 19:00:00,28/12/2025 01:19:50
Hà Nội,Thanh Oai,xã Thanh Oai,0.0,Không mưa,2025-12-28 19:00:00,28/12/2025 01:19:50
Cao Bằng,Kim Loan,xã Vinh Quý,0.0,Không mưa,2025-12-28 19:00:00,28/12/2025 01:19:50
Cao Bằng,Phi Hải,xã Quảng Uyên,0.0,Không mưa,2025-12-28 19:00:00,28/12/2025 01:19:50
Cao Bằng,Đức Long,xã Đức Long,0.0,Không mưa,2025-12-28 19:00:00,28/12/2025 01:19:50
Cao Bằng,Quang Vinh,xã Quang Hán,0.0,Không mưa,2025-12-28 19:00:00,28/12/2025 01:19:50
Cao Bằng,Sơn Lộ,xã Sơn Lộ,0.0,Không mưa,2025-12-28 19:00:00,28/12/2025 01:19:50
Cao Bằng,Cốc Pàng,xã Cốc Pàng,0.0,Không mưa,2025-12-28 19:00:00,28/12/2025 01:19:50
Cao Bằng,Thành Công,xã Thành Công,0.0,Không mưa,2025-12-28 19:00:00,28/12/2025 01:19:50
Cao Bằng,Minh Long,xã Lý Quốc,0.0,Không mưa,2025-12-28 19:00:00,28/12/2025 01:19:50
Cao Bằng,Thái Học,xã Yên Thổ,0.0,Không mưa,2025-12-28 19:00:00,28/12/2025 01:19:50
Cao Bằng,Cần Yên,xã Cần Yên,0.0,Không mưa,2025-12-28 19:00:00,28/12/2025 01:19:50
Cao Bằng,Đức Thông,xã Canh Tân,0.0,Không mưa,2025-12-28 19:00:00,28/12/2025 01:19:50
Cao Bằng,Minh Tâm,xã Minh Tâm,0.0,Không mưa,2025-12-28 19:00:00,28/12/2025 01:19:50
Cao Bằng,Thạch Lâm,xã Quảng Lâm,0.0,Không mưa,2025-12-28 19:00:00,28/12/2025 01:19:50
Cao Bằng,Đàm Thủy,xã Đàm Thủy,0.0,Không mưa,2025-12-28 19:00:00,28/12/2025 01:19:50
Cao Bằng,Cô Ba,xã Cô Ba,0.0,Không mưa,2025-12-28 19:00:00,28/12/2025 01:19:50
Cao Bằng,Tri Phương,xã Quang Trung,0.0,Không mưa,2025-12-28 19:00:00,28/12/2025 01:19:50
Cao Bằng,Yên Thổ,xã Yên Thổ,0.0,Không mưa,2025-12-28 19:00:00,28/12/2025 01:19:50
Cao Bằng,Cách Linh,xã Bế Văn Đàn,0.0,Không mưa,2025-12-28 19:00:00,28/12/2025 01:19:50
Cao Bằng,Tam Kim,xã Tam Kim,0.0,Không mưa,2025-12-28 19:00:00,28/12/2025 01:19:50
Cao Bằng,Trương Lương,xã Minh Tâm,0.0,Không mưa,2025-12-28 19:00:00,28/12/2025 01:19:50
Cao Bằng,Án Lại,xã Nguyễn Huệ,0.0,Không mưa,2025-12-28 19:00:00,28/12/2025 01:19:50
Cao Bằng,Trà Lĩnh,xã Trà Lĩnh,0.0,Không mưa,2025-12-28 19:00:00,28/12/2025 01:19:50
Cao Bằng,Quảng Uyên,xã Quảng Uyên,0.0,Không mưa,2025-12-28 19:00:00,28/12/2025 01:19:50
Cao Bằng,Thạch An,xã Đông Khê,0.0,Không mưa,2025-12-28 19:00:00,28/12/2025 01:19:50
Cao Bằng,Nà Ràng,xã Hà Quảng,0.0,Không mưa,2025-12-28 19:00:00,28/12/2025 01:19:50
Cao Bằng,Hạ Lang,xã Hạ Lang,0.0,Không mưa,2025-12-28 19:00:00,28/12/2025 01:19:50
Cao Bằng,Thông Nông,xã Thông Nông,0.0,Không mưa,2025-12-28 19:00:00,28/12/2025 01:19:50
Cao Bằng,Minh Thanh,xã Nguyên Bình,0.0,Không mưa,2025-12-28 19:00:00,28/12/2025 01:19:50
Cao Bằng,Tĩnh Túc,xã Tĩnh Túc,0.0,Không mưa,2025-12-28 19:00:00,28/12/2025 01:19:50
Cao Bằng,Năm Làng,xã Kim Đồng,0.0,Không mưa,2025-12-28 19:00:00,28/12/2025 01:19:50
Tuyên Quang,Ngam La 2,xã Mậu Duệ,0.2,Mưa nhỏ,2025-12-28 19:00:00,28/12/2025 01:19:50
Tuyên Quang,Xuân Minh 2,xã Thông Nguyên,0.2,Mưa nhỏ,2025-12-28 19:00:00,28/12/2025 01:19:50
Tuyên Quang,Tân Lập 1,xã Tân Quang,0.2,Mưa nhỏ,2025-12-28 19:00:00,28/12/2025 01:19:50
Tuyên Quang,Nậm Ty,xã Nậm Dịch,0.2,Mưa nhỏ,2025-12-28 19:00:00,28/12/2025 01:19:50
Tuyên Quang,Tiên Nguyên 2,xã Tiên Nguyên,0.2,Mưa nhỏ,2025-12-28 19:00:00,28/12/2025 01:19:50
Tuyên Quang,Du Già 3,xã Du Già,0.2,Mưa nhỏ,2025-12-28 19:00:00,28/12/2025 01:19:50
Tuyên Quang,Đồng Quý,xã Đông Thọ,0.0,Không mưa,2025-12-28 19:00:00,28/12/2025 01:19:50
Tuyên Quang,Huyện Bắc Mê,xã Bắc Mê,0.0,Không mưa,2025-12-28 19:00:00,28/12/2025 01:19:50
Tuyên Quang,Phù Lưu,xã Phù Lưu,0.0,Không mưa,2025-12-28 19:00:00,28/12/2025 01:19:50
Tuyên Quang,Yên Lâm,xã Yên Phú,0.0,Không mưa,2025-12-28 19:00:00,28/12/2025 01:19:50
Tuyên Quang,Bình Phú,xã Yên Lập,0.0,Không mưa,2025-12-28 19:00:00,28/12/2025 01:19:50
Tuyên Quang,Hồng Thái,xã Hồng Thái,0.0,Không mưa,2025-12-28 19:00:00,28/12/2025 01:19:50
Tuyên Quang,Thượng Sơn,xã Thượng Sơn,0.0,Không mưa,2025-12-28 19:00:00,28/12/2025 01:19:50
Tuyên Quang,Nậm Ban,xã Tát Ngà,0.0,Không mưa,2025-12-28 19:00:00,28/12/2025 01:19:50
Tuyên Quang,Ngọc Long PCTT,xã Ngọc Long,0.0,Không mưa,2025-12-28 19:00:00,28/12/2025 01:19:50
Tuyên Quang,Hùng Đức,xã Hùng Đức,0.0,Không mưa,2025-12-28 19:00:00,28/12/2025 01:19:50
Tuyên Quang,Tiến Bộ,xã Thái Bình,0.0,Không mưa,2025-12-28 19:00:00,28/12/2025 01:19:50
Tuyên Quang,Lăng Quán,xã Yên Sơn,0.0,Không mưa,2025-12-28 19:00:00,28/12/2025 01:19:50
Tuyên Quang,Khuôn Hà,xã Thượng Lâm,0.0,Không mưa,2025-12-28 19:00:00,28/12/2025 01:19:50
Tuyên Quang,Hồ Ngòi Là,phường Minh Xuân,0.0,Không mưa,2025-12-28 19:00:00,28/12/2025 01:19:50
Tuyên Quang,Thượng Ấm,xã Bình Ca,0.0,Không mưa,2025-12-28 19:00:00,28/12/2025 01:19:50
Tuyên Quang,Minh Hương,xã Bình Xa,0.0,Không mưa,2025-12-28 19:00:00,28/12/2025 01:19:50
Tuyên Quang,Chi cục thủy lợi,phường Hà Giang 1,0.0,Không mưa,2025-12-28 19:00:00,28/12/2025 01:19:50
Tuyên Quang,Hòa An,xã Hòa An,0.0,Không mưa,2025-12-28 19:00:00,28/12/2025 01:19:50
Tuyên Quang,Thượng Lâm,xã Thượng Lâm,0.0,Không mưa,2025-12-28 19:00:00,28/12/2025 01:19:50
Tuyên Quang,Bản Díu PCTT,xã Xín Mần,0.0,Không mưa,2025-12-28 19:00:00,28/12/2025 01:19:50
Tuyên Quang,Tri Phú,xã Tri Phú,0.0,Không mưa,2025-12-28 19:00:00,28/12/2025 01:19:50
Tuyên Quang,Chế Là PCTT,xã Nấm Dẩn,0.0,Không mưa,2025-12-28 19:00:00,28/12/2025 01:19:50
Tuyên Quang,Mỹ Lâm,phường Mỹ Lâm,0.0,Không mưa,2025-12-28 19:00:00,28/12/2025 01:19:50
Tuyên Quang,Yên Nguyên,xã Yên Nguyên,0.0,Không mưa,2025-12-28 19:00:00,28/12/2025 01:19:50
Tuyên Quang,Xín Chải,xã Lao Chải,0.0,Không mưa,2025-12-28 19:00:00,28/12/2025 01:19:50
Tuyên Quang,Thượng Giáp,xã Thượng Nông,0.0,Không mưa,2025-12-28 19:00:00,28/12/2025 01:19:50
Tuyên Quang,Hoàng Khai,phường An Tường,0.0,Không mưa,2025-12-28 19:00:00,28/12/2025 01:19:50
Tuyên Quang,Hà Lang,xã Tân An,0.0,Không mưa,2025-12-28 19:00:00,28/12/2025 01:19:50
Tuyên Quang,Nà Chì,xã Khuôn Lùng,0.0,Không mưa,2025-12-28 19:00:00,28/12/2025 01:19:50
Tuyên Quang,Thanh Tương,xã Nà Hang,0.0,Không mưa,2025-12-28 19:00:00,28/12/2025 01:19:50
Tuyên Quang,Thu Tà,xã Trung Thịnh,0.0,Không mưa,2025-12-28 19:00:00,28/12/2025 01:19:50
Tuyên Quang,Minh Khương,xã Bạch Xa,0.0,Không mưa,2025-12-28 19:00:00,28/12/2025 01:19:50
Tuyên Quang,Tân Tiến,xã Tân Tiến,0.0,Không mưa,2025-12-28 19:00:00,28/12/2025 01:19:50
Tuyên Quang,Văn phòng BCH PCTT,phường Minh Xuân,0.0,Không mưa,2025-12-28 19:00:00,28/12/2025 01:19:50
Tuyên Quang,Tân Trịnh,xã Tân Trịnh,0.0,Không mưa,2025-12-28 19:00:00,28/12/2025 01:19:50
Tuyên Quang,Cao Bồ,xã Cao Bồ,0.0,Không mưa,2025-12-28 19:00:00,28/12/2025 01:19:50
Tuyên Quang,Sơn Phú,xã Hồng Thái,0.0,Không mưa,2025-12-28 19:00:00,28/12/2025 01:19:50
Tuyên Quang,Phú Bình,xã Kiên Đài,0.0,Không mưa,2025-12-28 19:00:00,28/12/2025 01:19:50
Tuyên Quang,Tiên Nguyên,xã Tiên Nguyên,0.0,Không mưa,2025-12-28 19:00:00,28/12/2025 01:19:50
Tuyên Quang,Tân Trào,xã Tân Trào,0.0,Không mưa,2025-12-28 19:00:00,28/12/2025 01:19:50
Tuyên Quang,Trung Hà,xã Trung Hà,0.0,Không mưa,2025-12-28 19:00:00,28/12/2025 01:19:50
Tuyên Quang,Trung Minh,xã Hùng Lợi,0.0,Không mưa,2025-12-28 19:00:00,28/12/2025 01:19:50
Tuyên Quang,Thuận Hòa PCTT,xã Thuận Hòa,0.0,Không mưa,2025-12-28 19:00:00,28/12/2025 01:19:50
Tuyên Quang,Bình An,xã Bình An,0.0,Không mưa,2025-12-28 19:00:00,28/12/2025 01:19:50
Tuyên Quang,Phúc Yên,xã Lâm Bình,0.0,Không mưa,2025-12-28 19:00:00,28/12/2025 01:19:50
Tuyên Quang,Bằng Cốc,xã Hàm Yên,0.0,Không mưa,2025-12-28 19:00:00,28/12/2025 01:19:50
Tuyên Quang,Thái Hòa,xã Thái Hòa,0.0,Không mưa,2025-12-28 19:00:00,28/12/2025 01:19:50
Tuyên Quang,Xuân Lập PCTT,xã Lâm Bình,0.0,Không mưa,2025-12-28 19:00:00,28/12/2025 01:19:50
Tuyên Quang,Minh Ngọc,xã Minh Ngọc,0.0,Không mưa,2025-12-28 19:00:00,28/12/2025 01:19:50
Tuyên Quang,Mỹ Bằng,phường Mỹ Lâm,0.0,Không mưa,2025-12-28 19:00:00,28/12/2025 01:19:50
Tuyên Quang,Bản Ngò PCTT,xã Pà Vầy Sủ,0.0,Không mưa,2025-12-28 19:00:00,28/12/2025 01:19:50
Tuyên Quang,Lao Chải PCTT,xã Lao Chải,0.0,Không mưa,2025-12-28 19:00:00,28/12/2025 01:19:50
Tuyên Quang,Kiến Thiết,xã Kiến Thiết,0.0,Không mưa,2025-12-28 19:00:00,28/12/2025 01:19:50
Tuyên Quang,Đà Vị,xã Hồng Thái,0.0,Không mưa,2025-12-28 19:00:00,28/12/2025 01:19:50
Tuyên Quang,Tân Thanh,xã Tân Thanh,0.0,Không mưa,2025-12-28 19:00:00,28/12/2025 01:19:50
Tuyên Quang,Thiện Kế,xã Sơn Thủy,0.0,Không mưa,2025-12-28 19:00:00,28/12/2025 01:19:50
Tuyên Quang,Khâu Tinh,xã Yên Hoa,0.0,Không mưa,2025-12-28 19:00:00,28/12/2025 01:19:50
Tuyên Quang,Đông Lợi,xã Trường Sinh,0.0,Không mưa,2025-12-28 19:00:00,28/12/2025 01:19:50
Tuyên Quang,Linh Phú,xã Tri Phú,0.0,Không mưa,2025-12-28 19:00:00,28/12/2025 01:19:50
Tuyên Quang,Thành Long,xã Thái Sơn,0.0,Không mưa,2025-12-28 19:00:00,28/12/2025 01:19:50
Tuyên Quang,Kiên Đài,xã Kiên Đài,0.0,Không mưa,2025-12-28 19:00:00,28/12/2025 01:19:50
Tuyên Quang,Hùng Mỹ,xã Tân Mỹ,0.0,Không mưa,2025-12-28 19:00:00,28/12/2025 01:19:50
Tuyên Quang,Nhữ Hán,xã Nhữ Khê,0.0,Không mưa,2025-12-28 19:00:00,28/12/2025 01:19:50
Tuyên Quang,Ninh Lai,xã Sơn Thủy,0.0,Không mưa,2025-12-28 19:00:00,28/12/2025 01:19:50
Tuyên Quang,Đội Bình,xã Nhữ Khê,0.0,Không mưa,2025-12-28 19:00:00,28/12/2025 01:19:50
Tuyên Quang,Quyết Tiến,xã Quản Bạ,0.0,Không mưa,2025-12-28 19:00:00,28/12/2025 01:19:50
Tuyên Quang,Thị trấn Cốc Pài,xã Pà Vầy Sủ,0.0,Không mưa,2025-12-28 19:00:00,28/12/2025 01:19:50
Tuyên Quang,Tam Đa,xã Phú Lương,0.0,Không mưa,2025-12-28 19:00:00,28/12/2025 01:19:50
Tuyên Quang,Sinh Long,xã Côn Lôn,0.0,Không mưa,2025-12-28 19:00:00,28/12/2025 01:19:50
Tuyên Quang,Phúc Sơn,xã Minh Quang,0.0,Không mưa,2025-12-28 19:00:00,28/12/2025 01:19:50
Tuyên Quang,Yên Thuận,xã Bạch Xa,0.0,Không mưa,2025-12-28 19:00:00,28/12/2025 01:19:50
Tuyên Quang,Phúc Ninh,xã Xuân Vân,0.0,Không mưa,2025-12-28 19:00:00,28/12/2025 01:19:50
Tuyên Quang,Du Già,xã Du Già,0.0,Không mưa,2025-12-28 19:00:00,28/12/2025 01:19:50
Tuyên Quang,Chi Thiết,xã Hồng Sơn,0.0,Không mưa,2025-12-28 19:00:00,28/12/2025 01:19:50
Tuyên Quang,Lao Chải,xã Lao Chải,0.0,Không mưa,2025-12-28 19:00:00,28/12/2025 01:19:50
Tuyên Quang,Tân Nam 1,xã Quang Bình,0.0,Không mưa,2025-12-28 19:00:00,28/12/2025 01:19:50
Tuyên Quang,Yên Phong,xã Bắc Mê,0.0,Không mưa,2025-12-28 19:00:00,28/12/2025 01:19:50
Tuyên Quang,Thượng Sơn 2,xã Thượng Sơn,0.0,Không mưa,2025-12-28 19:00:00,28/12/2025 01:19:50
Tuyên Quang,Tiên Nguyên 1,xã Tiên Nguyên,0.0,Không mưa,2025-12-28 19:00:00,28/12/2025 01:19:50
Tuyên Quang,Phú Nam 2,xã Đường Hồng,0.0,Không mưa,2025-12-28 19:00:00,28/12/2025 01:19:50
Tuyên Quang,Minh Quang,xã Minh Quang,0.0,Không mưa,2025-12-28 19:00:00,28/12/2025 01:19:50
Tuyên Quang,Yên Phú,xã Bắc Mê,0.0,Không mưa,2025-12-28 19:00:00,28/12/2025 01:19:50
Tuyên Quang,Tùng Bá 2,xã Tùng Bá,0.0,Không mưa,2025-12-28 19:00:00,28/12/2025 01:19:50
Tuyên Quang,Thanh Thủy,xã Thanh Thủy,0.0,Không mưa,2025-12-28 19:00:00,28/12/2025 01:19:50
Tuyên Quang,Tùng Bá 1,xã Tùng Bá,0.0,Không mưa,2025-12-28 19:00:00,28/12/2025 01:19:50
Tuyên Quang,Bạch Ngọc 2,xã Bạch Ngọc,0.0,Không mưa,2025-12-28 19:00:00,28/12/2025 01:19:50
Tuyên Quang,Du Già 2,xã Du Già,0.0,Không mưa,2025-12-28 19:00:00,28/12/2025 01:19:50
Tuyên Quang,Bản Ngò,xã Pà Vầy Sủ,0.0,Không mưa,2025-12-28 19:00:00,28/12/2025 01:19:50
Tuyên Quang,Yên Bình,xã Quang Bình,0.0,Không mưa,2025-12-28 19:00:00,28/12/2025 01:19:50
Tuyên Quang,Tân Nam 2,xã Quang Bình,0.0,Không mưa,2025-12-28 19:00:00,28/12/2025 01:19:50
Tuyên Quang,Minh Sơn 1,xã Minh Sơn,0.0,Không mưa,2025-12-28 19:00:00,28/12/2025 01:19:50
Tuyên Quang,Thàng Tín,xã Thàng Tín,0.0,Không mưa,2025-12-28 19:00:00,28/12/2025 01:19:50
Tuyên Quang,Yên Minh 1,xã Yên Minh,0.0,Không mưa,2025-12-28 19:00:00,28/12/2025 01:19:50
Tuyên Quang,Bản Phùng,xã Bản Máy,0.0,Không mưa,2025-12-28 19:00:00,28/12/2025 01:19:50
Tuyên Quang,Cao Bồ 1,xã Cao Bồ,0.0,Không mưa,2025-12-28 19:00:00,28/12/2025 01:19:50
Tuyên Quang,Bản Díu,xã Xín Mần,0.0,Không mưa,2025-12-28 19:00:00,28/12/2025 01:19:50
Tuyên Quang,Bản Ngần,xã Việt Lâm,0.0,Không mưa,2025-12-28 19:00:00,28/12/2025 01:19:50
Tuyên Quang,Thanh Đức,xã Lao Chải,0.0,Không mưa,2025-12-28 19:00:00,28/12/2025 01:19:50
Tuyên Quang,Đồng Tâm,xã Đồng Tâm,0.0,Không mưa,2025-12-28 19:00:00,28/12/2025 01:19:50
Tuyên Quang,Lũng Hồ 1,xã Đường Thượng,0.0,Không mưa,2025-12-28 19:00:00,28/12/2025 01:19:50
Tuyên Quang,Nậm Khòa,xã Hồ Thầu,0.0,Không mưa,2025-12-28 19:00:00,28/12/2025 01:19:50
Tuyên Quang,Yên Cường,xã Yên Cường,0.0,Không mưa,2025-12-28 19:00:00,28/12/2025 01:19:50
Tuyên Quang,Sơn Nam,xã Sơn Thủy,0.0,Không mưa,2025-12-28 19:00:00,28/12/2025 01:19:50
Tuyên Quang,Vĩnh Phúc,xã Đồng Yên,0.0,Không mưa,2025-12-28 19:00:00,28/12/2025 01:19:50
Tuyên Quang,Bản Nhùng,xã Tân Tiến,0.0,Không mưa,2025-12-28 19:00:00,28/12/2025 01:19:50
Tuyên Quang,Thuận Hòa,xã Thuận Hòa,0.0,Không mưa,2025-12-28 19:00:00,28/12/2025 01:19:50
Tuyên Quang,Nàng Đôn,xã Pờ Ly Ngài,0.0,Không mưa,2025-12-28 19:00:00,28/12/2025 01:19:50
Tuyên Quang,Mậu Long,xã Mậu Duệ,0.0,Không mưa,2025-12-28 19:00:00,28/12/2025 01:19:50
Tuyên Quang,Kim Quan,xã Tân Trào,0.0,Không mưa,2025-12-28 19:00:00,28/12/2025 01:19:50
Tuyên Quang,Tân Lập 2,xã Tân Quang,0.0,Không mưa,2025-12-28 19:00:00,28/12/2025 01:19:50
Tuyên Quang,Ngọc Long,xã Ngọc Long,0.0,Không mưa,2025-12-28 19:00:00,28/12/2025 01:19:50
Tuyên Quang,Ngam La 1,xã Mậu Duệ,0.0,Không mưa,2025-12-28 19:00:00,28/12/2025 01:19:50
Tuyên Quang,Chiến Phố,xã Bản Máy,0.0,Không mưa,2025-12-28 19:00:00,28/12/2025 01:19:50
Tuyên Quang,Phương Độ,phường Hà Giang 1,0.0,Không mưa,2025-12-28 19:00:00,28/12/2025 01:19:50
Tuyên Quang,Yên Định,xã Ngọc Đường,0.0,Không mưa,2025-12-28 19:00:00,28/12/2025 01:19:50
Tuyên Quang,Quảng Ngần,xã Việt Lâm,0.0,Không mưa,2025-12-28 19:00:00,28/12/2025 01:19:50
Tuyên Quang,Lạc Nông 1,xã Bắc Mê,0.0,Không mưa,2025-12-28 19:00:00,28/12/2025 01:19:50
Tuyên Quang,Minh Sơn 2,xã Minh Sơn,0.0,Không mưa,2025-12-28 19:00:00,28/12/2025 01:19:50
Tuyên Quang,Hồ Thầu 2,xã Hồ Thầu,0.0,Không mưa,2025-12-28 19:00:00,28/12/2025 01:19:50
Tuyên Quang,Thượng Sơn 1,xã Thượng Sơn,0.0,Không mưa,2025-12-28 19:00:00,28/12/2025 01:19:50
Tuyên Quang,Đông Hà 2,xã Lùng Tám,0.0,Không mưa,2025-12-28 19:00:00,28/12/2025 01:19:50
Tuyên Quang,Việt Vinh,xã Bắc Quang,0.0,Không mưa,2025-12-28 19:00:00,28/12/2025 01:19:50
Tuyên Quang,Giáp Trung,xã Giáp Trung,0.0,Không mưa,2025-12-28 19:00:00,28/12/2025 01:19:50
Tuyên Quang,Phú Nam 1,xã Đường Hồng,0.0,Không mưa,2025-12-28 19:00:00,28/12/2025 01:19:50
Tuyên Quang,Việt Lâm,xã Việt Lâm,0.0,Không mưa,2025-12-28 19:00:00,28/12/2025 01:19:50
Tuyên Quang,Quản Bạ,xã Quản Bạ,0.0,Không mưa,2025-12-28 19:00:00,28/12/2025 01:19:50
Tuyên Quang,Lăng Can 1,xã Lâm Bình,0.0,Không mưa,2025-12-28 19:00:00,28/12/2025 01:19:50
Tuyên Quang,Bạch Ngọc 1,xã Bạch Ngọc,0.0,Không mưa,2025-12-28 19:00:00,28/12/2025 01:19:50
Tuyên Quang,Yên Hoa,xã Yên Hoa,0.0,Không mưa,2025-12-28 19:00:00,28/12/2025 01:19:50
Tuyên Quang,Bản Péo,xã Nậm Dịch,0.0,Không mưa,2025-12-28 19:00:00,28/12/2025 01:19:50
Tuyên Quang,Cốc Rế,xã Trung Thịnh,0.0,Không mưa,2025-12-28 19:00:00,28/12/2025 01:19:50
Tuyên Quang,Chế Là,xã Nấm Dẩn,0.0,Không mưa,2025-12-28 19:00:00,28/12/2025 01:19:50
Tuyên Quang,Kỳ Lâm,xã Sơn Dương,0.0,Không mưa,2025-12-28 19:00:00,28/12/2025 01:19:50
Tuyên Quang,Thái An,xã Lùng Tám,0.0,Không mưa,2025-12-28 19:00:00,28/12/2025 01:19:50
Tuyên Quang,Cao Bồ 2,xã Cao Bồ,0.0,Không mưa,2025-12-28 19:00:00,28/12/2025 01:19:50
Tuyên Quang,Nấm Dẩn 2,xã Nấm Dẩn,0.0,Không mưa,2025-12-28 19:00:00,28/12/2025 01:19:50
Tuyên Quang,Linh Hồ,xã Linh Hồ,0.0,Không mưa,2025-12-28 19:00:00,28/12/2025 01:19:50
Tuyên Quang,Nậm Ban 2,xã Tát Ngà,0.0,Không mưa,2025-12-28 19:00:00,28/12/2025 01:19:50
Tuyên Quang,Xuân Giang 1,xã Xuân Giang,0.0,Không mưa,2025-12-28 19:00:00,28/12/2025 01:19:50
Tuyên Quang,Mèo Vạc,xã Mèo Vạc,0.0,Không mưa,2025-12-28 19:00:00,28/12/2025 01:19:50
Tuyên Quang,Nậm Dịch,xã Nậm Dịch,0.0,Không mưa,2025-12-28 19:00:00,28/12/2025 01:19:50
Tuyên Quang,Hồ Thầu 1,xã Hồ Thầu,0.0,Không mưa,2025-12-28 19:00:00,28/12/2025 01:19:50
Tuyên Quang,Bản Rịa,xã Yên Thành,0.0,Không mưa,2025-12-28 19:00:00,28/12/2025 01:19:50
Tuyên Quang,Nậm Ban 1,xã Tát Ngà,0.0,Không mưa,2025-12-28 19:00:00,28/12/2025 01:19:50
Tuyên Quang,Quảng Nguyên,xã Quảng Nguyên,0.0,Không mưa,2025-12-28 19:00:00,28/12/2025 01:19:50
Tuyên Quang,Đạo Viện 1,xã Trung Sơn,0.0,Không mưa,2025-12-28 19:00:00,28/12/2025 01:19:50
Tuyên Quang,Vĩ Thượng,xã Tiên Yên,0.0,Không mưa,2025-12-28 19:00:00,28/12/2025 01:19:50
Tuyên Quang,Xuân Lập,xã Lâm Bình,0.0,Không mưa,2025-12-28 19:00:00,28/12/2025 01:19:50
Tuyên Quang,Đông Hà 1,xã Lùng Tám,0.0,Không mưa,2025-12-28 19:00:00,28/12/2025 01:19:50
Tuyên Quang,Xuân Minh 1,xã Thông Nguyên,0.0,Không mưa,2025-12-28 19:00:00,28/12/2025 01:19:50
Tuyên Quang,Túng Sán,xã Tân Tiến,0.0,Không mưa,2025-12-28 19:00:00,28/12/2025 01:19:50
Tuyên Quang,Trung Thành,xã Linh Hồ,0.0,Không mưa,2025-12-28 19:00:00,28/12/2025 01:19:50
Lào Cai,Mường Khương,xã Mường Khương,0.4,Mưa nhỏ,2025-12-28 19:00:00,28/12/2025 01:19:50
Lào Cai,Tả Van Chư,xã Lùng Phình,0.2,Mưa nhỏ,2025-12-28 19:00:00,28/12/2025 01:19:50
Lào Cai,La Pan Tẩn,xã Cao Sơn,0.2,Mưa nhỏ,2025-12-28 19:00:00,28/12/2025 01:19:50
Lào Cai,Bản Khoang,xã Ngũ Chỉ Sơn,0.2,Mưa nhỏ,2025-12-28 19:00:00,28/12/2025 01:19:50
Lào Cai,Nậm Có 1,xã Nậm Có,0.2,Mưa nhỏ,2025-12-28 19:00:00,28/12/2025 01:19:50
Lào Cai,Ngũ Chỉ Sơn,xã Ngũ Chỉ Sơn,0.2,Mưa nhỏ,2025-12-28 19:00:00,28/12/2025 01:19:50
Lào Cai,Bản Mế,xã Sín Chéng,0.0,Không mưa,2025-12-28 19:00:00,28/12/2025 01:19:50
Lào Cai,Thượng Hà 1,xã Thượng Hà,0.0,Không mưa,2025-12-28 19:00:00,28/12/2025 01:19:50
Lào Cai,Nậm Xé,xã Nậm Xé,0.0,Không mưa,2025-12-28 19:00:00,28/12/2025 01:19:50
Lào Cai,Túc Đán 2,xã Trạm Tấu,0.0,Không mưa,2025-12-28 19:00:00,28/12/2025 01:19:50
Lào Cai,Nậm Mười 2,xã Sơn Lương,0.0,Không mưa,2025-12-28 19:00:00,28/12/2025 01:19:50
Lào Cai,Nậm Búng 2,xã Gia Hội,0.0,Không mưa,2025-12-28 19:00:00,28/12/2025 01:19:50
Lào Cai,Âu Lâu,phường Âu Lâu,0.0,Không mưa,2025-12-28 19:00:00,28/12/2025 01:19:50
Lào Cai,Yên Sơn,xã Bảo Yên,0.0,Không mưa,2025-12-28 19:00:00,28/12/2025 01:19:50
Lào Cai,An Bình,xã Đông Cuông,0.0,Không mưa,2025-12-28 19:00:00,28/12/2025 01:19:50
Lào Cai,Túc Đán,xã Trạm Tấu,0.0,Không mưa,2025-12-28 19:00:00,28/12/2025 01:19:50
Lào Cai,An Lạc,xã Khánh Hòa,0.0,Không mưa,2025-12-28 19:00:00,28/12/2025 01:19:50
Lào Cai,Tân Nguyên,xã Bảo Ái,0.0,Không mưa,2025-12-28 19:00:00,28/12/2025 01:19:50
Lào Cai,Hoàng Liên,xã Tả Van,0.0,Không mưa,2025-12-28 19:00:00,28/12/2025 01:19:50
Lào Cai,Cốc Ly,xã Bảo Nhai,0.0,Không mưa,2025-12-28 19:00:00,28/12/2025 01:19:50
Lào Cai,Nậm Búng 1,xã Gia Hội,0.0,Không mưa,2025-12-28 19:00:00,28/12/2025 01:19:50
Lào Cai,Tú Lệ 3,xã Tú Lệ,0.0,Không mưa,2025-12-28 19:00:00,28/12/2025 01:19:50
Lào Cai,Pá Hu,xã Trạm Tấu,0.0,Không mưa,2025-12-28 19:00:00,28/12/2025 01:19:50
Lào Cai,Thủy điện Bắc Hà,xã Bảo Nhai,0.0,Không mưa,2025-12-28 19:00:00,28/12/2025 01:19:50
Lào Cai,Trịnh Tường 1,xã Trịnh Tường,0.0,Không mưa,2025-12-28 19:00:00,28/12/2025 01:19:50
Lào Cai,Chế Tạo 1,xã Chế Tạo,0.0,Không mưa,2025-12-28 19:00:00,28/12/2025 01:19:50
Lào Cai,Bảo Ái 1,xã Bảo Ái,0.0,Không mưa,2025-12-28 19:00:00,28/12/2025 01:19:50
Lào Cai,Đại Sơn 2,xã Tân Hợp,0.0,Không mưa,2025-12-28 19:00:00,28/12/2025 01:19:50
Lào Cai,Nậm Lành 2,xã Gia Hội,0.0,Không mưa,2025-12-28 19:00:00,28/12/2025 01:19:50
Lào Cai,Lùng Vai,xã Bản Lầu,0.0,Không mưa,2025-12-28 19:00:00,28/12/2025 01:19:50
Lào Cai,Nậm Chảy,xã Mường Khương,0.0,Không mưa,2025-12-28 19:00:00,28/12/2025 01:19:50
Lào Cai,Tân Lĩnh 1,xã Tân Lĩnh,0.0,Không mưa,2025-12-28 19:00:00,28/12/2025 01:19:50
Lào Cai,Hồng Ca 1,xã Hưng Khánh,0.0,Không mưa,2025-12-28 19:00:00,28/12/2025 01:19:50
Lào Cai,Bản Công,xã Hạnh Phúc,0.0,Không mưa,2025-12-28 19:00:00,28/12/2025 01:19:50
Lào Cai,Sơn Thủy,xã Văn Bàn,0.0,Không mưa,2025-12-28 19:00:00,28/12/2025 01:19:50
Lào Cai,Tả Củ Tỷ,xã Tả Củ Tỷ,0.0,Không mưa,2025-12-28 19:00:00,28/12/2025 01:19:50
Lào Cai,Tả Gia Khâu,xã Pha Long,0.0,Không mưa,2025-12-28 19:00:00,28/12/2025 01:19:50
Lào Cai,Tân Dương,xã Xuân Hòa,0.0,Không mưa,2025-12-28 19:00:00,28/12/2025 01:19:50
Lào Cai,Việt Tiến,xã Phúc Khánh,0.0,Không mưa,2025-12-28 19:00:00,28/12/2025 01:19:50
Lào Cai,Hòa Mạc,xã Văn Bàn,0.0,Không mưa,2025-12-28 19:00:00,28/12/2025 01:19:50
Lào Cai,Tô Mậu,xã Khánh Hòa,0.0,Không mưa,2025-12-28 19:00:00,28/12/2025 01:19:50
Lào Cai,Cốc Mỳ 2,xã Trịnh Tường,0.0,Không mưa,2025-12-28 19:00:00,28/12/2025 01:19:50
Lào Cai,Trạm Tấu,xã Hạnh Phúc,0.0,Không mưa,2025-12-28 19:00:00,28/12/2025 01:19:50
Lào Cai,Lâm Thượng PCTT,xã Lâm Thượng,0.0,Không mưa,2025-12-28 19:00:00,28/12/2025 01:19:50
Lào Cai,Tân Dương 1,xã Xuân Hòa,0.0,Không mưa,2025-12-28 19:00:00,28/12/2025 01:19:50
Lào Cai,Khánh Hoà 1,xã Khánh Hòa,0.0,Không mưa,2025-12-28 19:00:00,28/12/2025 01:19:50
Lào Cai,Nậm Chạc,xã A Mú Sung,0.0,Không mưa,2025-12-28 19:00:00,28/12/2025 01:19:50
Lào Cai,Mậu A,xã Mậu A,0.0,Không mưa,2025-12-28 19:00:00,28/12/2025 01:19:50
Lào Cai,Mường Hum,xã Mường Hum,0.0,Không mưa,2025-12-28 19:00:00,28/12/2025 01:19:50
Lào Cai,Xuân Thượng PCTT,xã Bảo Yên,0.0,Không mưa,2025-12-28 19:00:00,28/12/2025 01:19:50
Lào Cai,Thạch Lương,phường Cầu Thia,0.0,Không mưa,2025-12-28 19:00:00,28/12/2025 01:19:50
Lào Cai,Trung Lèng Hồ PCTT,xã Mường Hum,0.0,Không mưa,2025-12-28 19:00:00,28/12/2025 01:19:50
Lào Cai,P.Yên Ninh,phường Yên Bái,0.0,Không mưa,2025-12-28 19:00:00,28/12/2025 01:19:50
Lào Cai,Kim Sơn,xã Bảo Hà,0.0,Không mưa,2025-12-28 19:00:00,28/12/2025 01:19:50
Lào Cai,Cam Cọn,xã Bảo Hà,0.0,Không mưa,2025-12-28 19:00:00,28/12/2025 01:19:50
Lào Cai,Cốc Lầu,xã Cốc Lầu,0.0,Không mưa,2025-12-28 19:00:00,28/12/2025 01:19:50
Lào Cai,Cổ Phúc,xã Trấn Yên,0.0,Không mưa,2025-12-28 19:00:00,28/12/2025 01:19:50
Lào Cai,Ý Tý,xã Y Tý,0.0,Không mưa,2025-12-28 19:00:00,28/12/2025 01:19:50
Lào Cai,Khai trường Mỏ tuyển Đồng Sin Quyền,xã Bát Xát,0.0,Không mưa,2025-12-28 19:00:00,28/12/2025 01:19:50
Lào Cai,Minh Tân,xã Thượng Hà,0.0,Không mưa,2025-12-28 19:00:00,28/12/2025 01:19:50
Lào Cai,Khau Phạ,xã Púng Luông,0.0,Không mưa,2025-12-28 19:00:00,28/12/2025 01:19:50
Lào Cai,Lương Thịnh,xã Lương Thịnh,0.0,Không mưa,2025-12-28 19:00:00,28/12/2025 01:19:50
Lào Cai,Mường Lai,xã Mường Lai,0.0,Không mưa,2025-12-28 19:00:00,28/12/2025 01:19:50
Lào Cai,Minh Tiến,xã Mường Lai,0.0,Không mưa,2025-12-28 19:00:00,28/12/2025 01:19:50
Lào Cai,Tú Lệ 2,xã Tú Lệ,0.0,Không mưa,2025-12-28 19:00:00,28/12/2025 01:19:50
Lào Cai,Xuân Thượng,xã Bảo Yên,0.0,Không mưa,2025-12-28 19:00:00,28/12/2025 01:19:50
Lào Cai,Nậm Lúc 1,xã Cốc Lầu,0.0,Không mưa,2025-12-28 19:00:00,28/12/2025 01:19:50
Lào Cai,Nậm Mòn,xã Bắc Hà,0.0,Không mưa,2025-12-28 19:00:00,28/12/2025 01:19:50
Lào Cai,Mồ Dề 1,xã Mù Cang Chải,0.0,Không mưa,2025-12-28 19:00:00,28/12/2025 01:19:50
Lào Cai,Hưng Khánh 1,xã Hưng Khánh,0.0,Không mưa,2025-12-28 19:00:00,28/12/2025 01:19:50
Lào Cai,Dương Quỳ,xã Dương Quỳ,0.0,Không mưa,2025-12-28 19:00:00,28/12/2025 01:19:50
Lào Cai,Cốc Mỳ 1,xã Bát Xát,0.0,Không mưa,2025-12-28 19:00:00,28/12/2025 01:19:50
Lào Cai,An Lương,xã Mỏ Vàng,0.0,Không mưa,2025-12-28 19:00:00,28/12/2025 01:19:50
Lào Cai,Chấn Thịnh PCTT,xã Chấn Thịnh,0.0,Không mưa,2025-12-28 19:00:00,28/12/2025 01:19:50
Lào Cai,Ô Quý Hồ,phường Sa Pa,0.0,Không mưa,2025-12-28 19:00:00,28/12/2025 01:19:50
Lào Cai,Khao Mang,xã Khao Mang,0.0,Không mưa,2025-12-28 19:00:00,28/12/2025 01:19:50
Lào Cai,Bảo Hà 2,xã Bảo Hà,0.0,Không mưa,2025-12-28 19:00:00,28/12/2025 01:19:50
Lào Cai,Tân Hợp 2,xã Tân Hợp,0.0,Không mưa,2025-12-28 19:00:00,28/12/2025 01:19:50
Lào Cai,Kim Nọi 1,xã Mù Cang Chải,0.0,Không mưa,2025-12-28 19:00:00,28/12/2025 01:19:50
Lào Cai,Yên Bình,xã Yên Bình,0.0,Không mưa,2025-12-28 19:00:00,28/12/2025 01:19:50
Lào Cai,Suối Giàng,xã Văn Chấn,0.0,Không mưa,2025-12-28 19:00:00,28/12/2025 01:19:50
Lào Cai,Mường Vi,xã Bản Xèo,0.0,Không mưa,2025-12-28 19:00:00,28/12/2025 01:19:50
Lào Cai,Thủy điện Séo Chông Hô,xã Tả Van,0.0,Không mưa,2025-12-28 19:00:00,28/12/2025 01:19:50
Lào Cai,Sơn Thịnh PCTT,xã Văn Chấn,0.0,Không mưa,2025-12-28 19:00:00,28/12/2025 01:19:50
Lào Cai,Hưng Khánh 2,xã Hưng Khánh,0.0,Không mưa,2025-12-28 19:00:00,28/12/2025 01:19:50
Lào Cai,Mỏ Vàng,xã Mỏ Vàng,0.0,Không mưa,2025-12-28 19:00:00,28/12/2025 01:19:50
Lào Cai,Nậm Có,xã Nậm Có,0.0,Không mưa,2025-12-28 19:00:00,28/12/2025 01:19:50
Lào Cai,Sơn Thủy PCTT,xã Văn Bàn,0.0,Không mưa,2025-12-28 19:00:00,28/12/2025 01:19:50
Lào Cai,Lùng Cải,xã Tả Củ Tỷ,0.0,Không mưa,2025-12-28 19:00:00,28/12/2025 01:19:50
Lào Cai,Hòa Mạc PCTT,xã Văn Bàn,0.0,Không mưa,2025-12-28 19:00:00,28/12/2025 01:19:50
Lào Cai,Châu Quế Thượng,xã Châu Quế,0.0,Không mưa,2025-12-28 19:00:00,28/12/2025 01:19:50
Lào Cai,Mù Cang Chải,xã Mù Cang Chải,0.0,Không mưa,2025-12-28 19:00:00,28/12/2025 01:19:50
Lào Cai,A Lù PCTT,xã Y Tý,0.0,Không mưa,2025-12-28 19:00:00,28/12/2025 01:19:50
Lào Cai,Trung Lèng Hồ,xã Mường Hum,0.0,Không mưa,2025-12-28 19:00:00,28/12/2025 01:19:50
Lào Cai,Nậm Đét,xã Bảo Nhai,0.0,Không mưa,2025-12-28 19:00:00,28/12/2025 01:19:50
Lào Cai,Sín Chéng,xã Sín Chéng,0.0,Không mưa,2025-12-28 19:00:00,28/12/2025 01:19:50
Lào Cai,A Lù,xã Y Tý,0.0,Không mưa,2025-12-28 19:00:00,28/12/2025 01:19:50
Lào Cai,Suối Quyền,xã Sơn Lương,0.0,Không mưa,2025-12-28 19:00:00,28/12/2025 01:19:50
Lào Cai,Việt Cường PCTT,xã Việt Hồng,0.0,Không mưa,2025-12-28 19:00:00,28/12/2025 01:19:50
Lào Cai,Thủy điện Tà Thàng,xã Mường Bo,0.0,Không mưa,2025-12-28 19:00:00,28/12/2025 01:19:50
Lào Cai,Hòa Cuông,xã Trấn Yên,0.0,Không mưa,2025-12-28 19:00:00,28/12/2025 01:19:50
Lào Cai,Tân Phượng 2,xã Lâm Thượng,0.0,Không mưa,2025-12-28 19:00:00,28/12/2025 01:19:50
Lào Cai,Sơn Lương,xã Sơn Lương,0.0,Không mưa,2025-12-28 19:00:00,28/12/2025 01:19:50
Lào Cai,Khánh Hòa 2,xã Khánh Hòa,0.0,Không mưa,2025-12-28 19:00:00,28/12/2025 01:19:50
Lào Cai,Cao Sơn,xã Cao Sơn,0.0,Không mưa,2025-12-28 19:00:00,28/12/2025 01:19:50
Lào Cai,Nam Cường,phường Cam Đường,0.0,Không mưa,2025-12-28 19:00:00,28/12/2025 01:19:50
Lào Cai,Đông An,xã Đông Cuông,0.0,Không mưa,2025-12-28 19:00:00,28/12/2025 01:19:50
Lào Cai,Mù Cang Chải PCTT,xã Mù Cang Chải,0.0,Không mưa,2025-12-28 19:00:00,28/12/2025 01:19:50
Lào Cai,Gia Phú,xã Gia Phú,0.0,Không mưa,2025-12-28 19:00:00,28/12/2025 01:19:50
Lào Cai,Trung Tâm 2,xã Phúc Lợi,0.0,Không mưa,2025-12-28 19:00:00,28/12/2025 01:19:50
Lào Cai,Nam Cường PCTT,phường Cam Đường,0.0,Không mưa,2025-12-28 19:00:00,28/12/2025 01:19:50
Lào Cai,Nghĩa An,phường Nghĩa Lộ,0.0,Không mưa,2025-12-28 19:00:00,28/12/2025 01:19:50
Lào Cai,Xuân Long,xã Cảm Nhân,0.0,Không mưa,2025-12-28 19:00:00,28/12/2025 01:19:50
Lào Cai,Sơn A,xã Liên Sơn,0.0,Không mưa,2025-12-28 19:00:00,28/12/2025 01:19:50
Lào Cai,An Lương 2,xã Mỏ Vàng,0.0,Không mưa,2025-12-28 19:00:00,28/12/2025 01:19:50
Lào Cai,A Mú Sung,xã A Mú Sung,0.0,Không mưa,2025-12-28 19:00:00,28/12/2025 01:19:50
Lào Cai,Tả Phời,xã Hợp Thành,0.0,Không mưa,2025-12-28 19:00:00,28/12/2025 01:19:50
Lào Cai,Thượng Hà 2,xã Thượng Hà,0.0,Không mưa,2025-12-28 19:00:00,28/12/2025 01:19:50
Lào Cai,Tà Si Láng PCTT,xã Tà Xi Láng,0.0,Không mưa,2025-12-28 19:00:00,28/12/2025 01:19:50
Lào Cai,Hồ Bốn,xã Khao Mang,0.0,Không mưa,2025-12-28 19:00:00,28/12/2025 01:19:50
Lào Cai,Cao Sơn PCTT,xã Cao Sơn,0.0,Không mưa,2025-12-28 19:00:00,28/12/2025 01:19:50
Lào Cai,Chi cục thủy lợi,phường Yên Bái,0.0,Không mưa,2025-12-28 19:00:00,28/12/2025 01:19:50
Lào Cai,Xã Bản Mù,xã Phình Hồ,0.0,Không mưa,2025-12-28 19:00:00,28/12/2025 01:19:50
Lào Cai,Chấn Thịnh,xã Chấn Thịnh,0.0,Không mưa,2025-12-28 19:00:00,28/12/2025 01:19:50
Lào Cai,Nậm Xây 1,xã Minh Lương,0.0,Không mưa,2025-12-28 19:00:00,28/12/2025 01:19:50
Lào Cai,Gia Hội PCTT,xã Gia Hội,0.0,Không mưa,2025-12-28 19:00:00,28/12/2025 01:19:50
Lào Cai,Lâm Thượng,xã Lâm Thượng,0.0,Không mưa,2025-12-28 19:00:00,28/12/2025 01:19:50
Lào Cai,Mường Hoa,xã Tả Van,0.0,Không mưa,2025-12-28 19:00:00,28/12/2025 01:19:50
Lào Cai,Tân Đồng PCTT,xã Trấn Yên,0.0,Không mưa,2025-12-28 19:00:00,28/12/2025 01:19:50
Lào Cai,Sơn Thịnh,xã Văn Chấn,0.0,Không mưa,2025-12-28 19:00:00,28/12/2025 01:19:50
Lào Cai,Phong Dụ Thượng 1,xã Phong Dụ Thượng,0.0,Không mưa,2025-12-28 19:00:00,28/12/2025 01:19:50
Lào Cai,Sùng Đô,xã Sơn Lương,0.0,Không mưa,2025-12-28 19:00:00,28/12/2025 01:19:50
Lào Cai,Phúc Lợi,xã Phúc Lợi,0.0,Không mưa,2025-12-28 19:00:00,28/12/2025 01:19:50
Lào Cai,Lương Sơn,xã Bảo Yên,0.0,Không mưa,2025-12-28 19:00:00,28/12/2025 01:19:50
Lào Cai,Lương Sơn PCTT,xã Bảo Yên,0.0,Không mưa,2025-12-28 19:00:00,28/12/2025 01:19:50
Lào Cai,Thủy điện Ngòi Phát,xã Bát Xát,0.0,Không mưa,2025-12-28 19:00:00,28/12/2025 01:19:50
Lào Cai,Lao Chải,xã Lao Chải,0.0,Không mưa,2025-12-28 19:00:00,28/12/2025 01:19:50
Lào Cai,Ngọc Chấn,xã Cảm Nhân,0.0,Không mưa,2025-12-28 19:00:00,28/12/2025 01:19:50
Lào Cai,Tả Van PCTT,xã Tả Van,0.0,Không mưa,2025-12-28 19:00:00,28/12/2025 01:19:50
Lào Cai,Bản Hồ,xã Bản Hồ,0.0,Không mưa,2025-12-28 19:00:00,28/12/2025 01:19:50
Lào Cai,Thượng Hà,xã Thượng Hà,0.0,Không mưa,2025-12-28 19:00:00,28/12/2025 01:19:50
Lào Cai,Phan Thanh,xã Tân Lĩnh,0.0,Không mưa,2025-12-28 19:00:00,28/12/2025 01:19:50
Lào Cai,Đại Lịch,xã Chấn Thịnh,0.0,Không mưa,2025-12-28 19:00:00,28/12/2025 01:19:50
Lào Cai,Minh Bảo,phường Nam Cường,0.0,Không mưa,2025-12-28 19:00:00,28/12/2025 01:19:50
Lào Cai,Y Can,xã Quy Mông,0.0,Không mưa,2025-12-28 19:00:00,28/12/2025 01:19:50
Lào Cai,An Lương 1,xã Mỏ Vàng,0.0,Không mưa,2025-12-28 19:00:00,28/12/2025 01:19:50
Lào Cai,Bảo Nhai 1,xã Bảo Nhai,0.0,Không mưa,2025-12-28 19:00:00,28/12/2025 01:19:50
Lào Cai,Tân Đồng,xã Trấn Yên,0.0,Không mưa,2025-12-28 19:00:00,28/12/2025 01:19:50
Lào Cai,Long Khánh,xã Phúc Khánh,0.0,Không mưa,2025-12-28 19:00:00,28/12/2025 01:19:50
Lào Cai,Hưng Thịnh,xã Lương Thịnh,0.0,Không mưa,2025-12-28 19:00:00,28/12/2025 01:19:50
Lào Cai,Cao Phạ 1,xã Tú Lệ,0.0,Không mưa,2025-12-28 19:00:00,28/12/2025 01:19:50
Lào Cai,Bản Hồ 1,xã Bản Hồ,0.0,Không mưa,2025-12-28 19:00:00,28/12/2025 01:19:50
Lào Cai,Dế Xu Phình,xã Púng Luông,0.0,Không mưa,2025-12-28 19:00:00,28/12/2025 01:19:50
Lào Cai,Hồng Ca,xã Hưng Khánh,0.0,Không mưa,2025-12-28 19:00:00,28/12/2025 01:19:50
Lào Cai,Nậm Lành 1,xã Gia Hội,0.0,Không mưa,2025-12-28 19:00:00,28/12/2025 01:19:50
Lào Cai,Hồng Ca 2,xã Hưng Khánh,0.0,Không mưa,2025-12-28 19:00:00,28/12/2025 01:19:50
Lào Cai,An Phú,xã Mường Lai,0.0,Không mưa,2025-12-28 19:00:00,28/12/2025 01:19:50
Lào Cai,Nậm Xé PCTT,xã Nậm Xé,0.0,Không mưa,2025-12-28 19:00:00,28/12/2025 01:19:50
Lào Cai,Bản Liền,xã Bản Liền,0.0,Không mưa,2025-12-28 19:00:00,28/12/2025 01:19:50
Lào Cai,Yên Bái,phường Yên Bái,0.0,Không mưa,2025-12-28 19:00:00,28/12/2025 01:19:50
Lào Cai,Làng Nhì,xã Phình Hồ,0.0,Không mưa,2025-12-28 19:00:00,28/12/2025 01:19:50
Lào Cai,Cảm Nhân,xã Cảm Nhân,0.0,Không mưa,2025-12-28 19:00:00,28/12/2025 01:19:50
Lào Cai,Cao Phạ 3,xã Tú Lệ,0.0,Không mưa,2025-12-28 19:00:00,28/12/2025 01:19:50
Lào Cai,Quan Hồ Thẩn,xã Si Ma Cai,0.0,Không mưa,2025-12-28 19:00:00,28/12/2025 01:19:50
Lào Cai,Phúc Sơn,phường Cầu Thia,0.0,Không mưa,2025-12-28 19:00:00,28/12/2025 01:19:50
Lào Cai,Hồ Đập Mỏ tuyển Đồng Sin Quyền,xã Bát Xát,0.0,Không mưa,2025-12-28 19:00:00,28/12/2025 01:19:50
Lào Cai,Xà Hồ PCTT,xã Hạnh Phúc,0.0,Không mưa,2025-12-28 19:00:00,28/12/2025 01:19:50
Lào Cai,Bản Cái,xã Cốc Lầu,0.0,Không mưa,2025-12-28 19:00:00,28/12/2025 01:19:50
Lào Cai,Kim Sơn PCTT,xã Bảo Hà,0.0,Không mưa,2025-12-28 19:00:00,28/12/2025 01:19:50
Lào Cai,Túc Đán 1,xã Trạm Tấu,0.0,Không mưa,2025-12-28 19:00:00,28/12/2025 01:19:50
Lào Cai,Làng Cang,xã Phong Dụ Hạ,0.0,Không mưa,2025-12-28 19:00:00,28/12/2025 01:19:50
Lào Cai,Vĩnh Lạc,xã Mường Lai,0.0,Không mưa,2025-12-28 19:00:00,28/12/2025 01:19:50
Lào Cai,Nậm Xây,xã Minh Lương,0.0,Không mưa,2025-12-28 19:00:00,28/12/2025 01:19:50
Lào Cai,Nậm Khắt,xã Púng Luông,0.0,Không mưa,2025-12-28 19:00:00,28/12/2025 01:19:50
Lào Cai,Kiên Thành,xã Quy Mông,0.0,Không mưa,2025-12-28 19:00:00,28/12/2025 01:19:50
Lào Cai,Thịnh Hưng,xã Yên Bình,0.0,Không mưa,2025-12-28 19:00:00,28/12/2025 01:19:50
Lào Cai,Nghĩa Đô,xã Nghĩa Đô,0.0,Không mưa,2025-12-28 19:00:00,28/12/2025 01:19:50
Lào Cai,Bản Xen,xã Bản Lầu,0.0,Không mưa,2025-12-28 19:00:00,28/12/2025 01:19:50
Lào Cai,Long Phúc,xã Phúc Khánh,0.0,Không mưa,2025-12-28 19:00:00,28/12/2025 01:19:50
Lào Cai,Chế Tạo,xã Chế Tạo,0.0,Không mưa,2025-12-28 19:00:00,28/12/2025 01:19:50
Lào Cai,Gia Phú 1,xã Gia Phú,0.0,Không mưa,2025-12-28 19:00:00,28/12/2025 01:19:50
Lào Cai,Lao Chải 1,xã Lao Chải,0.0,Không mưa,2025-12-28 19:00:00,28/12/2025 01:19:50
Lào Cai,Nậm Có 2,xã Nậm Có,0.0,Không mưa,2025-12-28 19:00:00,28/12/2025 01:19:50
Lào Cai,Nậm Chày,xã Nậm Chày,0.0,Không mưa,2025-12-28 19:00:00,28/12/2025 01:19:50
Lào Cai,Suối Giàng PCTT,xã Văn Chấn,0.0,Không mưa,2025-12-28 19:00:00,28/12/2025 01:19:50
Lào Cai,Bát Xát,xã Bát Xát,0.0,Không mưa,2025-12-28 19:00:00,28/12/2025 01:19:50
Lào Cai,Hoàng Thu Phố,xã Bắc Hà,0.0,Không mưa,2025-12-28 19:00:00,28/12/2025 01:19:50
Lào Cai,Lâm Giang,xã Lâm Giang,0.0,Không mưa,2025-12-28 19:00:00,28/12/2025 01:19:50
Lào Cai,Tân Thịnh,xã Chấn Thịnh,0.0,Không mưa,2025-12-28 19:00:00,28/12/2025 01:19:50
Lào Cai,Minh Quán,xã Trấn Yên,0.0,Không mưa,2025-12-28 19:00:00,28/12/2025 01:19:50
Lào Cai,Lùng Phình,xã Lùng Phình,0.0,Không mưa,2025-12-28 19:00:00,28/12/2025 01:19:50
Lào Cai,Mỏ Vàng 1,xã Mỏ Vàng,0.0,Không mưa,2025-12-28 19:00:00,28/12/2025 01:19:50
Lào Cai,Khánh Thiện,xã Lâm Thượng,0.0,Không mưa,2025-12-28 19:00:00,28/12/2025 01:19:50
Lào Cai,Phình Hồ,xã Phình Hồ,0.0,Không mưa,2025-12-28 19:00:00,28/12/2025 01:19:50
Lào Cai,Xà Hồ,xã Hạnh Phúc,0.0,Không mưa,2025-12-28 19:00:00,28/12/2025 01:19:50
Lào Cai,Tân Tiến,xã Nghĩa Đô,0.0,Không mưa,2025-12-28 19:00:00,28/12/2025 01:19:50
Lào Cai,Tà Si Láng,xã Tà Xi Láng,0.0,Không mưa,2025-12-28 19:00:00,28/12/2025 01:19:50
Lào Cai,Bạch Hà,xã Thác Bà,0.0,Không mưa,2025-12-28 19:00:00,28/12/2025 01:19:50
Lào Cai,Huổi Sản,xã Gia Hội,0.0,Không mưa,2025-12-28 19:00:00,28/12/2025 01:19:50
Lào Cai,Tân Phượng 1,xã Lâm Thượng,0.0,Không mưa,2025-12-28 19:00:00,28/12/2025 01:19:50
Lào Cai,Vĩnh Yên,xã Nghĩa Đô,0.0,Không mưa,2025-12-28 19:00:00,28/12/2025 01:19:50
Lào Cai,Khao Mang PCTT,xã Khao Mang,0.0,Không mưa,2025-12-28 19:00:00,28/12/2025 01:19:50
Lào Cai,Việt Hồng,xã Việt Hồng,0.0,Không mưa,2025-12-28 19:00:00,28/12/2025 01:19:50
Lào Cai,Việt Cường,xã Việt Hồng,0.0,Không mưa,2025-12-28 19:00:00,28/12/2025 01:19:50
Lào Cai,Nàn Sán,xã Si Ma Cai,0.0,Không mưa,2025-12-28 19:00:00,28/12/2025 01:19:50
Lào Cai,Gia Hội,xã Gia Hội,0.0,Không mưa,2025-12-28 19:00:00,28/12/2025 01:19:50
Lào Cai,Lũng Hà,xã Phúc Lợi,0.0,Không mưa,2025-12-28 19:00:00,28/12/2025 01:19:50
Lào Cai,Bảo Hà 1,xã Bảo Hà,0.0,Không mưa,2025-12-28 19:00:00,28/12/2025 01:19:50
Lào Cai,Kiên Lao,xã Quy Mông,0.0,Không mưa,2025-12-28 19:00:00,28/12/2025 01:19:50
Lào Cai,Suối Bu,xã Văn Chấn,0.0,Không mưa,2025-12-28 19:00:00,28/12/2025 01:19:50
Lào Cai,Tân Dương 2,xã Xuân Hòa,0.0,Không mưa,2025-12-28 19:00:00,28/12/2025 01:19:50
Lào Cai,Võ Lao,xã Võ Lao,0.0,Không mưa,2025-12-28 19:00:00,28/12/2025 01:19:50
Lào Cai,Thủy điện Mường Hum,xã Mường Hum,0.0,Không mưa,2025-12-28 19:00:00,28/12/2025 01:19:50
Lào Cai,Chế Cu Nha,xã Mù Cang Chải,0.0,Không mưa,2025-12-28 19:00:00,28/12/2025 01:19:50
Lào Cai,Cam Đường,phường Cam Đường,0.0,Không mưa,2025-12-28 19:00:00,28/12/2025 01:19:50
Lào Cai,Bản Lầu,xã Bản Lầu,0.0,Không mưa,2025-12-28 19:00:00,28/12/2025 01:19:50
Lào Cai,Văn Bàn,xã Văn Bàn,0.0,Không mưa,2025-12-28 19:00:00,28/12/2025 01:19:50
Lào Cai,Bản Cầm,xã Phong Hải,0.0,Không mưa,2025-12-28 19:00:00,28/12/2025 01:19:50
Lào Cai,Yên Bái 2,phường Yên Bái,0.0,Không mưa,2025-12-28 19:00:00,28/12/2025 01:19:50
Lào Cai,Cao Phạ 2,xã Tú Lệ,0.0,Không mưa,2025-12-28 19:00:00,28/12/2025 01:19:50
Lào Cai,Nghĩa Đô PCTT,xã Nghĩa Đô,0.0,Không mưa,2025-12-28 19:00:00,28/12/2025 01:19:50
Lào Cai,Lao Chải 2,xã Lao Chải,0.0,Không mưa,2025-12-28 19:00:00,28/12/2025 01:19:50
Lào Cai,Xuân Hòa,xã Xuân Hòa,0.0,Không mưa,2025-12-28 19:00:00,28/12/2025 01:19:50
Lào Cai,Phong Hải,xã Phong Hải,0.0,Không mưa,2025-12-28 19:00:00,28/12/2025 01:19:50
Lào Cai,Phong Hải PCTT,xã Phong Hải,0.0,Không mưa,2025-12-28 19:00:00,28/12/2025 01:19:50
Lào Cai,Nậm Mười 1,xã Sơn Lương,0.0,Không mưa,2025-12-28 19:00:00,28/12/2025 01:19:50
Lào Cai,Ba Khe,xã Cát Thịnh,0.0,Không mưa,2025-12-28 19:00:00,28/12/2025 01:19:50
Lào Cai,Yên Thế,xã Lục Yên,0.0,Không mưa,2025-12-28 19:00:00,28/12/2025 01:19:50
Lào Cai,Trung Chải,xã Tả Phìn,0.0,Không mưa,2025-12-28 19:00:00,28/12/2025 01:19:50
Lào Cai,Phố Lu,xã Bảo Thắng,0.0,Không mưa,2025-12-28 19:00:00,28/12/2025 01:19:50
Lào Cai,La Pán Tẩn,xã Púng Luông,0.0,Không mưa,2025-12-28 19:00:00,28/12/2025 01:19:50
Lào Cai,Trịnh Tường,xã Trịnh Tường,0.0,Không mưa,2025-12-28 19:00:00,28/12/2025 01:19:50
Lào Cai,Mồ Dề 2,xã Mù Cang Chải,0.0,Không mưa,2025-12-28 19:00:00,28/12/2025 01:19:50
Lào Cai,Yên Thành,xã Yên Thành,0.0,Không mưa,2025-12-28 19:00:00,28/12/2025 01:19:50
Lào Cai,Si Ma Cai 1,xã Si Ma Cai,0.0,Không mưa,2025-12-28 19:00:00,28/12/2025 01:19:50
Lào Cai,Pá Lau,xã Trạm Tấu,0.0,Không mưa,2025-12-28 19:00:00,28/12/2025 01:19:50
Lào Cai,Pha Long,xã Pha Long,0.0,Không mưa,2025-12-28 19:00:00,28/12/2025 01:19:50
Lào Cai,Lùng Phình PCTT,xã Lùng Phình,0.0,Không mưa,2025-12-28 19:00:00,28/12/2025 01:19:50
Lào Cai,A Mú Sung PCTT,xã A Mú Sung,0.0,Không mưa,2025-12-28 19:00:00,28/12/2025 01:19:50
Lào Cai,Phong Dụ Thượng,xã Phong Dụ Thượng,0.0,Không mưa,2025-12-28 19:00:00,28/12/2025 01:19:50
Lào Cai,Đồng Khê,xã Văn Chấn,0.0,Không mưa,2025-12-28 19:00:00,28/12/2025 01:19:50
Lào Cai,Mậu Đông,xã Mậu A,0.0,Không mưa,2025-12-28 19:00:00,28/12/2025 01:19:50
Lào Cai,Liễu Đô,xã Lục Yên,0.0,Không mưa,2025-12-28 19:00:00,28/12/2025 01:19:50
Lào Cai,Trung Tâm 1,xã Phúc Lợi,0.0,Không mưa,2025-12-28 19:00:00,28/12/2025 01:19:50
Lào Cai,Đào Thịnh,xã Trấn Yên,0.0,Không mưa,2025-12-28 19:00:00,28/12/2025 01:19:50
Lào Cai,Tả Van,xã Tả Van,0.0,Không mưa,2025-12-28 19:00:00,28/12/2025 01:19:50
Lào Cai,Thủy điện Nậm Phàng,xã Bản Liền,0.0,Không mưa,2025-12-28 19:00:00,28/12/2025 01:19:50
Lào Cai,Minh Chuẩn,xã Tân Lĩnh,0.0,Không mưa,2025-12-28 19:00:00,28/12/2025 01:19:50
